ADDRESS,CITY,ZIP
847 W MONROE ST UNIT 1S,Chicago,60607
1327 W WASHINGTON BLVD UNIT 2E,Chicago,60607
1419 N STATE PKY APT 604,Chicago,60610
5476 S WOODLAWN AVE,Chicago,60615
212 E CULLERTON ST UNIT 501,Chicago,60616
2941 S MICHIGAN AVE,Chicago,60616
3836 N WHIPPLE ST,Chicago,60618
4126 N TROY ST,Chicago,60618
5535 N CHRISTIANA AVE,Chicago,60625
4539 S MOZART ST,Chicago,60632
4502 S CALIFORNIA AVE,Chicago,60632
5437 S CALIFORNIA AVE,Chicago,60632
3843 N PONTIAC AVE,Chicago,60634
6100 W ROSCOE ST,Chicago,60634
3722 N PONTIAC AVE,Chicago,60634
6035 S SAINT LAWRENCE AVE UNIT 2N,Chicago,60637
6623 S VERNON AVE,Chicago,60637
6131-6133 S MICHIGAN AVE,Chicago,60637
6826 S PRAIRIE AVE,Chicago,60637
1753 N LONG AVE,Chicago,60639
2916 N LINDER AVE,Chicago,60641
5934 N SAUGANASH LN UNIT O,Chicago,60646
1018 N LAWNDALE AVE,Chicago,60651
1516 N KEDVALE AVE,Chicago,60651
1054 N SPRINGFIELD AVE,Chicago,60651
814 N SPRINGFIELD AVE,Chicago,60651
1315 N LOCKWOOD AVE,Chicago,60651
3734-36 W IOWA,Chicago,60651
1033 E 46TH ST UNIT 101,Chicago,60653
4518 S WOODLAWN AVE UNIT 14-5,Chicago,60653
